run_id,engine,round,position,verified_rows,dataset_sha256,load_seconds,lookup_ms,scan_ms,source_ms,lookup_samples,scan_samples,source_samples
20261009T160813Z-openflights-6884f225,MyISAM,1,1,67663,ea46aabb9533882cf36baa761b285ef8f8829915ff1b3a689fc8315206532441,0.770487101,0.22535475,9.858996600000001,0.23463493,200,5,100
20261009T160813Z-openflights-6884f225,ROCKSDB,1,2,67663,ea46aabb9533882cf36baa761b285ef8f8829915ff1b3a689fc8315206532441,1.244607229,0.23934558,18.213603,0.24168153,200,5,100
20261009T160813Z-openflights-6884f225,InnoDB,1,3,67663,ea46aabb9533882cf36baa761b285ef8f8829915ff1b3a689fc8315206532441,1.244992995,0.23534141,11.276610400000001,0.20465003,200,5,100
20261009T160813Z-openflights-6884f225,MEMORY,1,4,67663,ea46aabb9533882cf36baa761b285ef8f8829915ff1b3a689fc8315206532441,0.668325557,0.231157075,5.6760928,0.22597989,200,5,100
20261009T160813Z-openflights-6884f225,Aria,1,5,67663,ea46aabb9533882cf36baa761b285ef8f8829915ff1b3a689fc8315206532441,1.972790461,0.25061976,10.0501968,0.25636848,200,5,100
20261009T160813Z-openflights-6884f225,ROCKSDB,2,1,67663,ea46aabb9533882cf36baa761b285ef8f8829915ff1b3a689fc8315206532441,1.237319607,0.259929145,19.132209,0.27425854,200,5,100
20261009T160813Z-openflights-6884f225,InnoDB,2,2,67663,ea46aabb9533882cf36baa761b285ef8f8829915ff1b3a689fc8315206532441,1.198639173,0.24533629,11.4563214,0.22815733,200,5,100
20261009T160813Z-openflights-6884f225,MEMORY,2,3,67663,ea46aabb9533882cf36baa761b285ef8f8829915ff1b3a689fc8315206532441,0.697837938,0.23890016,5.8599332,0.21338314,200,5,100
20261009T160813Z-openflights-6884f225,Aria,2,4,67663,ea46aabb9533882cf36baa761b285ef8f8829915ff1b3a689fc8315206532441,1.982229711,0.240497655,9.3320142,0.23253697,200,5,100
20261009T160813Z-openflights-6884f225,MyISAM,2,5,67663,ea46aabb9533882cf36baa761b285ef8f8829915ff1b3a689fc8315206532441,0.779036054,0.232091595,10.4480266,0.26672718,200,5,100
20261009T160813Z-openflights-6884f225,InnoDB,3,1,67663,ea46aabb9533882cf36baa761b285ef8f8829915ff1b3a689fc8315206532441,1.155070839,0.24402205,11.3579024,0.21846284,200,5,100
20261009T160813Z-openflights-6884f225,MEMORY,3,2,67663,ea46aabb9533882cf36baa761b285ef8f8829915ff1b3a689fc8315206532441,0.759147871,0.24068458,6.209664,0.20510446,200,5,100
20261009T160813Z-openflights-6884f225,Aria,3,3,67663,ea46aabb9533882cf36baa761b285ef8f8829915ff1b3a689fc8315206532441,2.010007133,0.249836395,10.2806176,0.24584603,200,5,100
20261009T160813Z-openflights-6884f225,MyISAM,3,4,67663,ea46aabb9533882cf36baa761b285ef8f8829915ff1b3a689fc8315206532441,0.815578087,0.248799915,10.3774974,0.24242867,200,5,100
20261009T160813Z-openflights-6884f225,ROCKSDB,3,5,67663,ea46aabb9533882cf36baa761b285ef8f8829915ff1b3a689fc8315206532441,1.239536418,0.248039515,18.8485958,0.2509934,200,5,100
20261009T160813Z-openflights-6884f225,MEMORY,4,1,67663,ea46aabb9533882cf36baa761b285ef8f8829915ff1b3a689fc8315206532441,0.6682481,0.23537193,5.6914406,0.19741676,200,5,100
20261009T160813Z-openflights-6884f225,Aria,4,2,67663,ea46aabb9533882cf36baa761b285ef8f8829915ff1b3a689fc8315206532441,2.044930084,0.24142623,9.3746522,0.23272094,200,5,100
20261009T160813Z-openflights-6884f225,MyISAM,4,3,67663,ea46aabb9533882cf36baa761b285ef8f8829915ff1b3a689fc8315206532441,0.784667196,0.23761262,10.3159496,0.25433844,200,5,100
20261009T160813Z-openflights-6884f225,ROCKSDB,4,4,67663,ea46aabb9533882cf36baa761b285ef8f8829915ff1b3a689fc8315206532441,1.224903091,0.24505865,19.235948,0.23921256,200,5,100
20261009T160813Z-openflights-6884f225,InnoDB,4,5,67663,ea46aabb9533882cf36baa761b285ef8f8829915ff1b3a689fc8315206532441,1.157750011,0.246879615,12.2875588,0.21996218,200,5,100
20261009T160813Z-openflights-6884f225,Aria,5,1,67663,ea46aabb9533882cf36baa761b285ef8f8829915ff1b3a689fc8315206532441,2.029152324,0.257116725,9.8096592,0.25320682,200,5,100
20261009T160813Z-openflights-6884f225,MyISAM,5,2,67663,ea46aabb9533882cf36baa761b285ef8f8829915ff1b3a689fc8315206532441,0.816101535,0.243005585,10.753279,0.26388414,200,5,100
20261009T160813Z-openflights-6884f225,ROCKSDB,5,3,67663,ea46aabb9533882cf36baa761b285ef8f8829915ff1b3a689fc8315206532441,1.273879068,0.253193695,18.8081788,0.28291567,200,5,100
20261009T160813Z-openflights-6884f225,InnoDB,5,4,67663,ea46aabb9533882cf36baa761b285ef8f8829915ff1b3a689fc8315206532441,1.163476967,0.234992485,10.9942414,0.21522535,200,5,100
20261009T160813Z-openflights-6884f225,MEMORY,5,5,67663,ea46aabb9533882cf36baa761b285ef8f8829915ff1b3a689fc8315206532441,0.659549357,0.22239699500000001,5.291827,0.198363,200,5,100
