run_id,pilot,trial,engine,round,stop,acknowledged_rows,intact_rows,missing_rows,changed_rows,unexpected_rows,duplicate_rows,intact_percent,restart_through_verification_seconds,crashed_table_warning,aria_recovery_done,log_sha256
20261006T161514Z-recovery-99656d7e,False,1,InnoDB,1,clean,1000,1000,0,0,0,0,100.0,2.7189999999973224,False,False,6ef0a25cd88d65261739a94ba58f818e56c202a678474bf17c3d4356028196f0
20261006T161514Z-recovery-99656d7e,False,2,InnoDB,1,sigkill,1000,1000,0,0,0,0,100.0,2.625,False,False,285f8009dc90d49dac0d5acd61e84bc9bacb3c4dd794f7a4e86c00e4bd23d06c
20261006T161514Z-recovery-99656d7e,False,3,ROCKSDB,1,sigkill,1000,1000,0,0,0,0,100.0,1.9530000000013388,False,False,9528d49b0324416708ed471e1bf3c8467c0eb54ee9b80218f7c7581e76d3bae3
20261006T161514Z-recovery-99656d7e,False,4,ROCKSDB,1,clean,1000,1000,0,0,0,0,100.0,3.0310000000026776,False,False,f8eaa35dc8f77fce4334257ab1df86918d08e4afef87334ba0db7d9de8f4136f
20261006T161514Z-recovery-99656d7e,False,5,MEMORY,1,clean,1000,0,1000,0,0,0,0.0,2.485000000000582,False,False,651222735a43ce8d7d1546c28eb1b1061b7b6518140bbb44face43a77ad9bae9
20261006T161514Z-recovery-99656d7e,False,6,MEMORY,1,sigkill,1000,0,1000,0,0,0,0.0,2.9530000000013388,False,False,9332b1388b47960b8658194d4b4b9e6a736d4e934cc7dcc7898f21f70a70c5b0
20261006T161514Z-recovery-99656d7e,False,7,Aria,1,sigkill,1000,1000,0,0,0,0,100.0,2.9530000000013388,False,True,a910b38fa8aef10c3284ac85027ea75fe6df6d3bb9bf3a02ca5e1b62c01d1b23
20261006T161514Z-recovery-99656d7e,False,8,Aria,1,clean,1000,1000,0,0,0,0,100.0,3.014999999999418,False,False,3e1ed178939a3873ed59b9b0337e0c87b34ff702b8031e59f121d37a252fb68e
20261006T161514Z-recovery-99656d7e,False,9,MyISAM,1,clean,1000,1000,0,0,0,0,100.0,2.4689999999973224,False,False,5e475300e896bcec9a7a4631bb2ab4031cc7be845f78a77873ee7e177009f54c
20261006T161514Z-recovery-99656d7e,False,10,MyISAM,1,sigkill,1000,1000,0,0,0,0,100.0,2.2339999999967404,True,False,5e26193ab53af06fe3a8dde437ffa66f9a2a30d8521470b4b8404a5d14c6a59d
20261006T161514Z-recovery-99656d7e,False,11,ROCKSDB,2,sigkill,1000,1000,0,0,0,0,100.0,2.25,False,False,5530c570c96db84538237338f9f95f76adfc6fd31447425c076b0b0a30162f4d
20261006T161514Z-recovery-99656d7e,False,12,ROCKSDB,2,clean,1000,1000,0,0,0,0,100.0,1.9529999999940628,False,False,538fe24fe54fc564a8e3234f1eedb73600382bcb004af427090deda6f3155d63
20261006T161514Z-recovery-99656d7e,False,13,MEMORY,2,clean,1000,0,1000,0,0,0,0.0,2.7180000000007567,False,False,ec1abf26f00e02d50d27599705c0c0099729176533935cee5939697c372ea63b
20261006T161514Z-recovery-99656d7e,False,14,MEMORY,2,sigkill,1000,0,1000,0,0,0,0.0,5.5310000000026776,False,False,fead55c2dcde6119d6a8c509f737ffd435ce7c21ac35de6cc3443f84af8ce70e
20261006T161514Z-recovery-99656d7e,False,15,Aria,2,sigkill,1000,1000,0,0,0,0,100.0,3.5940000000045984,False,True,b3f7fc549ae8800fa2d96827ef32c57a4ea06898c191c33dc46d657d81e0007f
20261006T161514Z-recovery-99656d7e,False,16,Aria,2,clean,1000,1000,0,0,0,0,100.0,3.4530000000013388,False,False,d8ec1b46e6522412646e7766afc7b1bfc5d600ab2c73c0f704091bc7121b725d
20261006T161514Z-recovery-99656d7e,False,17,MyISAM,2,clean,1000,1000,0,0,0,0,100.0,2.186999999998079,False,False,915e98ef9a7b6ba240bb428defe3f578fd3adfa6421ea4105e5df5564c0d2132
20261006T161514Z-recovery-99656d7e,False,18,MyISAM,2,sigkill,1000,1000,0,0,0,0,100.0,2.5160000000032596,True,False,c2f51881819651df0ce35e4712da4e4adfc8ab23b1ee19c2740d6642f0124fe0
20261006T161514Z-recovery-99656d7e,False,19,InnoDB,2,sigkill,1000,1000,0,0,0,0,100.0,2.6719999999986612,False,False,9eb7d4975e0c1af1c95d41ee011e063f056e79f29d15d7187f42b4ec3a350422
20261006T161514Z-recovery-99656d7e,False,20,InnoDB,2,clean,1000,1000,0,0,0,0,100.0,1.9530000000013388,False,False,172b7d951b6ca91bc0cf78be403f6fd81070df5d0ac4f326864d861a80167866
20261006T161514Z-recovery-99656d7e,False,21,MEMORY,3,clean,1000,0,1000,0,0,0,0.0,2.2180000000007567,False,False,b8cd9e001aa6c7edc23df13c001c89c018490f04e71ddccee5f2ae7272c03952
20261006T161514Z-recovery-99656d7e,False,22,MEMORY,3,sigkill,1000,0,1000,0,0,0,0.0,2.061999999998079,False,False,ac26734d67345220f593fdb09133455637f6c55288276b1e247974a833283b1d
20261006T161514Z-recovery-99656d7e,False,23,Aria,3,sigkill,1000,1000,0,0,0,0,100.0,2.437000000005355,False,True,72f65cea2237999e3cb1e1f1021fafeba5ab5a062e1bdde28cf5f06e5d723ae2
20261006T161514Z-recovery-99656d7e,False,24,Aria,3,clean,1000,1000,0,0,0,0,100.0,2.187000000005355,False,False,112312441d6fe12b9508a2aeadbba62a14cef76771474d3332a38fdc41f25b82
20261006T161514Z-recovery-99656d7e,False,25,MyISAM,3,clean,1000,1000,0,0,0,0,100.0,2.4539999999979045,False,False,1ceaf928d8799e67faf8bbaf1ac0089139104ee0078b7c880e388425c73098f8
20261006T161514Z-recovery-99656d7e,False,26,MyISAM,3,sigkill,1000,1000,0,0,0,0,100.0,1.9219999999986612,True,False,4588110dba943ad0d69a2734ee0948154cfff3ecff4c729917444dbaba45cacd
20261006T161514Z-recovery-99656d7e,False,27,InnoDB,3,sigkill,1000,1000,0,0,0,0,100.0,2.311999999998079,False,False,c681b37427baa7d59b316923e906e3e6fe70d763c2cd8cbd434056ef499a521d
20261006T161514Z-recovery-99656d7e,False,28,InnoDB,3,clean,1000,1000,0,0,0,0,100.0,2.6559999999954016,False,False,26ae8262382ac961c1f799f8f0683f2146e8a97d75617e97f526724544e359c0
20261006T161514Z-recovery-99656d7e,False,29,ROCKSDB,3,clean,1000,1000,0,0,0,0,100.0,3.5,False,False,b216c07db10940a07625491bdf05aaf82caea05f6cd339738d6637904cc55d1f
20261006T161514Z-recovery-99656d7e,False,30,ROCKSDB,3,sigkill,1000,1000,0,0,0,0,100.0,3.1719999999986612,False,False,bf17e821515dd788df2417d517cb93fee047bb1fcd48e81d4e1fa8a4b942969f
20261006T161514Z-recovery-99656d7e,False,31,Aria,4,sigkill,1000,1000,0,0,0,0,100.0,2.2030000000013388,False,True,d27047d38d416050e111ed2fa357a4d5e6f63c5b529c27bc3c4f05607887b44d
20261006T161514Z-recovery-99656d7e,False,32,Aria,4,clean,1000,1000,0,0,0,0,100.0,2.172000000005937,False,False,7a0093d9040a1deff5bb9354f84b5a22823edd78ab5eefd9f57830ac8a28e780
20261006T161514Z-recovery-99656d7e,False,33,MyISAM,4,clean,1000,1000,0,0,0,0,100.0,3.514999999999418,False,False,4d7f23811fe52073d19ee5091149dcbeebfc084a9ef5aed2e618127ff15e0a08
20261006T161514Z-recovery-99656d7e,False,34,MyISAM,4,sigkill,1000,1000,0,0,0,0,100.0,1.9680000000007567,True,False,37ba2141925596bd9bfdb57f1cc7bba22f8c11a2116cfcc0c6804348613dd7ea
20261006T161514Z-recovery-99656d7e,False,35,InnoDB,4,sigkill,1000,1000,0,0,0,0,100.0,2.25,False,False,f14f2eb95e0fc079589c8e839fe3a6f9049ba4e1d1f7d1ed1ffea605beabcb32
20261006T161514Z-recovery-99656d7e,False,36,InnoDB,4,clean,1000,1000,0,0,0,0,100.0,2.186999999998079,False,False,1ca2f26ba0876e6ed1642776bb7d99635a28bd37bc9140f4df397947ace1ea99
20261006T161514Z-recovery-99656d7e,False,37,ROCKSDB,4,clean,1000,1000,0,0,0,0,100.0,2.9690000000045984,False,False,33ca88028f131969e2090a264cd675f6cb0ba1222ab5b454a3972013741836c4
20261006T161514Z-recovery-99656d7e,False,38,ROCKSDB,4,sigkill,1000,1000,0,0,0,0,100.0,2.7039999999979045,False,False,b198114282299ccc8f6c40570489ac6dee3c51123f843445b74e5e192abbe88f
20261006T161514Z-recovery-99656d7e,False,39,MEMORY,4,sigkill,1000,0,1000,0,0,0,0.0,3.3589999999967404,False,False,d799046b76356b469e5f5876da8e4322fe7a3e4b11bacd95e924712cb76d395a
20261006T161514Z-recovery-99656d7e,False,40,MEMORY,4,clean,1000,0,1000,0,0,0,0.0,3.0,False,False,718eecb61e8bbdddba0ce5d9a99be57d4badfda715eb584b4a8cd34b8d52c4da
20261006T161514Z-recovery-99656d7e,False,41,MyISAM,5,clean,1000,1000,0,0,0,0,100.0,1.9219999999986612,False,False,ae4ae8e34299996cd38724eeb51053852790d73607423e8fa65bc91bee6fc092
20261006T161514Z-recovery-99656d7e,False,42,MyISAM,5,sigkill,1000,1000,0,0,0,0,100.0,3.485000000000582,True,False,dc62dbe3e12d8280023e95f6b1942bb321357444a73147dce4280c53d7496f35
20261006T161514Z-recovery-99656d7e,False,43,InnoDB,5,sigkill,1000,1000,0,0,0,0,100.0,2.9690000000045984,False,False,e2a746d4b3b094944077688eb46981c7b8205f9d4f7a45c40ffda3777e57e8e0
20261006T161514Z-recovery-99656d7e,False,44,InnoDB,5,clean,1000,1000,0,0,0,0,100.0,2.139999999999418,False,False,64fc365e29eb32347ff0dc8ca933f6ed651bc5575ef8a9f2f3c0c710242d896f
20261006T161514Z-recovery-99656d7e,False,45,ROCKSDB,5,clean,1000,1000,0,0,0,0,100.0,2.1719999999986612,False,False,114266107eb536c3ffcd70b5cd4ebed5d4d142a9436e7d57bb9cf8bab104f740
20261006T161514Z-recovery-99656d7e,False,46,ROCKSDB,5,sigkill,1000,1000,0,0,0,0,100.0,2.7189999999973224,False,False,80113546da00abaa495717e4114084d6fd2ffed39ecad32d94ae0958511dd48a
20261006T161514Z-recovery-99656d7e,False,47,MEMORY,5,sigkill,1000,0,1000,0,0,0,0.0,1.9680000000007567,False,False,908893a76a6b39ee2daf786e6b889b4ebf89511b26721107232e28a42ca0c791
20261006T161514Z-recovery-99656d7e,False,48,MEMORY,5,clean,1000,0,1000,0,0,0,0.0,2.0469999999986612,False,False,97d2a4501b68faa8cb84215d557e292b9a8bf310f1a56289339394ace0a6a14b
20261006T161514Z-recovery-99656d7e,False,49,Aria,5,clean,1000,1000,0,0,0,0,100.0,2.2339999999967404,False,False,654b0f9983973421150bf466662838b2ccb285dc6c25c18d02f55a440b613367
20261006T161514Z-recovery-99656d7e,False,50,Aria,5,sigkill,1000,1000,0,0,0,0,100.0,2.7659999999959837,False,True,5d5d7b0962bd15f156880e8e32deb3bf8d282df5c148a37efadce2ade217ea1c
