engine,round,allocated_delta_bytes,apparent_delta_bytes,live_data_length_bytes,live_index_length_bytes
InnoDB,1,9572352,9503031,1589248,278528
ROCKSDB,1,1224704,1169934,0,0
MEMORY,1,126976,65311,8388576,760000
Aria,1,3911680,3850012,1097728,335872
MyISAM,1,1327104,1261514,919772,276480
ROCKSDB,2,1224704,1169930,0,0
MEMORY,2,126976,65312,8388576,760000
Aria,2,3911680,3849963,1097728,335872
MyISAM,2,1327104,1261615,919772,276480
InnoDB,2,9572352,9503061,1589248,278528
MEMORY,3,126976,65359,8388576,760000
Aria,3,3911680,3850012,1097728,335872
MyISAM,3,1327104,1261666,919772,276480
InnoDB,3,9572352,9503010,1589248,278528
ROCKSDB,3,1224704,1169934,0,0
Aria,4,3911680,3850013,1097728,335872
MyISAM,4,1327104,1261561,919772,276480
InnoDB,4,9572352,9502963,1589248,278528
ROCKSDB,4,1224704,1169931,0,0
MEMORY,4,126976,65261,8388576,760000
MyISAM,5,1327104,1261514,919772,276480
InnoDB,5,9572352,9502908,1589248,278528
ROCKSDB,5,1224704,1169882,0,0
MEMORY,5,126976,65361,8388576,760000
Aria,5,3911680,3850061,1097728,335872
